1000000,2,0.02,56.4
1000000,2,0.04,32.8
1000000,2,0.06,32.4
1000000,2,0.08,34.8
1000000,2,0.1,34.1
1000000,2,0.12000000000000001,34.5
1000000,2,0.14,36.3
1000000,2,0.16,36.6
1000000,2,0.18,36.9
1000000,2,0.19999999999999998,36.5
1000000,2,0.21999999999999997,36.7
1000000,2,0.23999999999999996,38.1
1000000,2,0.25999999999999995,39.5
1000000,2,0.27999999999999997,38.4
1000000,2,0.3,38.3
1000000,2,0.32,38.5
1000000,2,0.34,39.0
1000000,2,0.36000000000000004,38.8
1000000,2,0.38000000000000006,38.7
1000000,2,0.4000000000000001,38.5
1000000,2,0.4200000000000001,38.0
1000000,2,0.4400000000000001,38.2
1000000,2,0.46000000000000013,38.6
1000000,2,0.48000000000000015,38.5
1000000,2,0.5000000000000001,38.3
1000000,2,0.5200000000000001,36.5
1000000,2,0.5400000000000001,41.2
1000000,2,0.5600000000000002,38.7
1000000,2,0.5800000000000002,36.7
1000000,2,0.6000000000000002,37.1
1000000,2,0.6200000000000002,37.1
1000000,2,0.6400000000000002,37.4
1000000,2,0.6600000000000003,37.3
1000000,2,0.6800000000000003,37.6
1000000,2,0.7000000000000003,37.2
1000000,2,0.7200000000000003,38.1
1000000,2,0.7400000000000003,43.6
1000000,2,0.7600000000000003,37.1
1000000,2,0.7800000000000004,36.4
1000000,2,0.8000000000000004,37.1
1000000,2,0.8200000000000004,36.6
1000000,2,0.8400000000000004,36.5
1000000,2,0.8600000000000004,36.9
1000000,2,0.8800000000000004,36.3
1000000,2,0.9000000000000005,36.5
1000000,2,0.9200000000000005,36.5
1000000,2,0.9400000000000005,36.7
1000000,2,0.9600000000000005,36.2
1000000,2,0.9800000000000005,36.5
1000000,4,0.02,33.1
1000000,4,0.04,26.8
1000000,4,0.06,26.8
1000000,4,0.08,27.7
1000000,4,0.1,27.8
1000000,4,0.12000000000000001,27.7
1000000,4,0.14,28.1
1000000,4,0.16,27.9
1000000,4,0.18,28.0
1000000,4,0.19999999999999998,28.3
1000000,4,0.21999999999999997,28.5
1000000,4,0.23999999999999996,27.7
1000000,4,0.25999999999999995,26.9
1000000,4,0.27999999999999997,27.1
1000000,4,0.3,27.1
1000000,4,0.32,27.1
1000000,4,0.34,27.4
1000000,4,0.36000000000000004,27.1
1000000,4,0.38000000000000006,26.8
1000000,4,0.4000000000000001,27.1
1000000,4,0.4200000000000001,27.1
1000000,4,0.4400000000000001,27.2
1000000,4,0.46000000000000013,27.3
1000000,4,0.48000000000000015,26.9
1000000,4,0.5000000000000001,27.2
1000000,4,0.5200000000000001,36.7
1000000,4,0.5400000000000001,36.4
1000000,4,0.5600000000000002,36.5
1000000,4,0.5800000000000002,36.6
1000000,4,0.6000000000000002,36.6
1000000,4,0.6200000000000002,36.7
1000000,4,0.6400000000000002,36.5
1000000,4,0.6600000000000003,36.2
1000000,4,0.6800000000000003,36.4
1000000,4,0.7000000000000003,36.3
1000000,4,0.7200000000000003,36.2
1000000,4,0.7400000000000003,36.3
1000000,4,0.7600000000000003,36.5
1000000,4,0.7800000000000004,38.9
1000000,4,0.8000000000000004,38.4
1000000,4,0.8200000000000004,36.4
1000000,4,0.8400000000000004,36.5
1000000,4,0.8600000000000004,36.4
1000000,4,0.8800000000000004,36.0
1000000,4,0.9000000000000005,35.9
1000000,4,0.9200000000000005,36.6
1000000,4,0.9400000000000005,36.3
1000000,4,0.9600000000000005,36.4
1000000,4,0.9800000000000005,36.4
1000000,8,0.02,43.7
1000000,8,0.04,26.1
1000000,8,0.06,25.5
1000000,8,0.08,25.2
1000000,8,0.1,25.2
1000000,8,0.12000000000000001,25.0
1000000,8,0.14,26.9
1000000,8,0.16,25.0
1000000,8,0.18,25.4
1000000,8,0.19999999999999998,25.2
1000000,8,0.21999999999999997,24.9
1000000,8,0.23999999999999996,24.7
1000000,8,0.25999999999999995,26.7
1000000,8,0.27999999999999997,27.0
1000000,8,0.3,27.0
1000000,8,0.32,27.0
1000000,8,0.34,26.7
1000000,8,0.36000000000000004,27.0
1000000,8,0.38000000000000006,27.0
1000000,8,0.4000000000000001,26.5
1000000,8,0.4200000000000001,26.7
1000000,8,0.4400000000000001,26.5
1000000,8,0.46000000000000013,26.4
1000000,8,0.48000000000000015,26.7
1000000,8,0.5000000000000001,28.4
1000000,8,0.5200000000000001,36.6
1000000,8,0.5400000000000001,36.1
1000000,8,0.5600000000000002,36.3
1000000,8,0.5800000000000002,36.0
1000000,8,0.6000000000000002,36.2
1000000,8,0.6200000000000002,36.4
1000000,8,0.6400000000000002,36.4
1000000,8,0.6600000000000003,36.6
1000000,8,0.6800000000000003,36.7
1000000,8,0.7000000000000003,36.8
1000000,8,0.7200000000000003,37.1
1000000,8,0.7400000000000003,37.4
1000000,8,0.7600000000000003,38.3
1000000,8,0.7800000000000004,38.1
1000000,8,0.8000000000000004,37.9
1000000,8,0.8200000000000004,38.6
1000000,8,0.8400000000000004,38.2
1000000,8,0.8600000000000004,48.8
1000000,8,0.8800000000000004,38.1
1000000,8,0.9000000000000005,38.1
1000000,8,0.9200000000000005,38.0
1000000,8,0.9400000000000005,38.1
1000000,8,0.9600000000000005,45.3
1000000,8,0.9800000000000005,43.7
1000000,16,0.02,78.0
1000000,16,0.04,56.4
1000000,16,0.06,40.3
1000000,16,0.08,41.7
1000000,16,0.1,33.3
1000000,16,0.12000000000000001,31.3
1000000,16,0.14,28.5
1000000,16,0.16,27.0
1000000,16,0.18,26.0
1000000,16,0.19999999999999998,26.0
1000000,16,0.21999999999999997,25.9
1000000,16,0.23999999999999996,27.2
1000000,16,0.25999999999999995,55.9
1000000,16,0.27999999999999997,38.2
1000000,16,0.3,34.6
1000000,16,0.32,31.8
1000000,16,0.34,31.1
1000000,16,0.36000000000000004,27.9
1000000,16,0.38000000000000006,27.7
1000000,16,0.4000000000000001,26.9
1000000,16,0.4200000000000001,27.0
1000000,16,0.4400000000000001,32.6
1000000,16,0.46000000000000013,30.6
1000000,16,0.48000000000000015,27.5
1000000,16,0.5000000000000001,26.9
1000000,16,0.5200000000000001,36.5
1000000,16,0.5400000000000001,37.1
1000000,16,0.5600000000000002,36.2
1000000,16,0.5800000000000002,41.6
1000000,16,0.6000000000000002,37.9
1000000,16,0.6200000000000002,36.9
1000000,16,0.6400000000000002,36.7
1000000,16,0.6600000000000003,40.7
1000000,16,0.6800000000000003,40.7
1000000,16,0.7000000000000003,38.5
1000000,16,0.7200000000000003,38.2
1000000,16,0.7400000000000003,36.7
1000000,16,0.7600000000000003,36.6
1000000,16,0.7800000000000004,36.7
1000000,16,0.8000000000000004,39.8
1000000,16,0.8200000000000004,39.9
1000000,16,0.8400000000000004,37.1
1000000,16,0.8600000000000004,54.7
1000000,16,0.8800000000000004,43.3
1000000,16,0.9000000000000005,45.3
1000000,16,0.9200000000000005,37.6
1000000,16,0.9400000000000005,43.0
1000000,16,0.9600000000000005,36.4
1000000,16,0.9800000000000005,38.2
2000000,2,0.02,70.2
2000000,2,0.04,69.5
2000000,2,0.06,66.8
2000000,2,0.08,69.3
2000000,2,0.1,69.1
2000000,2,0.12000000000000001,72.6
2000000,2,0.14,74.7
2000000,2,0.16,74.7
2000000,2,0.18,73.5
2000000,2,0.19999999999999998,77.7
2000000,2,0.21999999999999997,74.8
2000000,2,0.23999999999999996,75.3
2000000,2,0.25999999999999995,81.2
2000000,2,0.27999999999999997,86.2
2000000,2,0.3,85.4
2000000,2,0.32,80.8
2000000,2,0.34,80.0
2000000,2,0.36000000000000004,79.8
2000000,2,0.38000000000000006,80.7
2000000,2,0.4000000000000001,82.9
2000000,2,0.4200000000000001,79.7
2000000,2,0.4400000000000001,79.7
2000000,2,0.46000000000000013,80.8
2000000,2,0.48000000000000015,79.8
2000000,2,0.5000000000000001,79.8
2000000,2,0.5200000000000001,75.2
2000000,2,0.5400000000000001,74.6
2000000,2,0.5600000000000002,84.2
2000000,2,0.5800000000000002,81.3
2000000,2,0.6000000000000002,90.5
2000000,2,0.6200000000000002,88.1
2000000,2,0.6400000000000002,84.6
2000000,2,0.6600000000000003,77.0
2000000,2,0.6800000000000003,75.9
2000000,2,0.7000000000000003,77.4
2000000,2,0.7200000000000003,74.7
2000000,2,0.7400000000000003,76.5
2000000,2,0.7600000000000003,78.0
2000000,2,0.7800000000000004,76.1
2000000,2,0.8000000000000004,75.6
2000000,2,0.8200000000000004,74.1
2000000,2,0.8400000000000004,75.6
2000000,2,0.8600000000000004,75.8
2000000,2,0.8800000000000004,75.3
2000000,2,0.9000000000000005,75.7
2000000,2,0.9200000000000005,75.5
2000000,2,0.9400000000000005,76.2
2000000,2,0.9600000000000005,75.6
2000000,2,0.9800000000000005,76.0
2000000,4,0.02,62.7
2000000,4,0.04,55.7
2000000,4,0.06,55.5
2000000,4,0.08,57.2
2000000,4,0.1,57.2
2000000,4,0.12000000000000001,56.5
2000000,4,0.14,58.1
2000000,4,0.16,58.1
2000000,4,0.18,58.0
2000000,4,0.19999999999999998,59.9
2000000,4,0.21999999999999997,57.7
2000000,4,0.23999999999999996,59.7
2000000,4,0.25999999999999995,57.7
2000000,4,0.27999999999999997,55.9
2000000,4,0.3,55.4
2000000,4,0.32,55.8
2000000,4,0.34,56.9
2000000,4,0.36000000000000004,55.7
2000000,4,0.38000000000000006,57.8
2000000,4,0.4000000000000001,57.8
2000000,4,0.4200000000000001,56.4
2000000,4,0.4400000000000001,56.1
2000000,4,0.46000000000000013,73.3
2000000,4,0.48000000000000015,65.8
2000000,4,0.5000000000000001,57.6
2000000,4,0.5200000000000001,77.6
2000000,4,0.5400000000000001,81.6
2000000,4,0.5600000000000002,82.8
2000000,4,0.5800000000000002,76.7
2000000,4,0.6000000000000002,85.2
2000000,4,0.6200000000000002,81.0
2000000,4,0.6400000000000002,76.1
2000000,4,0.6600000000000003,76.3
2000000,4,0.6800000000000003,76.3
2000000,4,0.7000000000000003,76.6
2000000,4,0.7200000000000003,75.7
2000000,4,0.7400000000000003,75.6
2000000,4,0.7600000000000003,75.9
2000000,4,0.7800000000000004,76.0
2000000,4,0.8000000000000004,76.0
2000000,4,0.8200000000000004,75.8
2000000,4,0.8400000000000004,76.0
2000000,4,0.8600000000000004,75.9
2000000,4,0.8800000000000004,75.6
2000000,4,0.9000000000000005,75.7
2000000,4,0.9200000000000005,76.0
2000000,4,0.9400000000000005,75.9
2000000,4,0.9600000000000005,76.4
2000000,4,0.9800000000000005,75.9
2000000,8,0.02,64.3
2000000,8,0.04,51.5
2000000,8,0.06,51.5
2000000,8,0.08,52.2
2000000,8,0.1,52.3
2000000,8,0.12000000000000001,51.9
2000000,8,0.14,51.9
2000000,8,0.16,52.3
2000000,8,0.18,52.9
2000000,8,0.19999999999999998,52.6
2000000,8,0.21999999999999997,52.7
2000000,8,0.23999999999999996,52.0
2000000,8,0.25999999999999995,55.3
2000000,8,0.27999999999999997,55.4
2000000,8,0.3,55.6
2000000,8,0.32,55.6
2000000,8,0.34,57.2
2000000,8,0.36000000000000004,57.4
2000000,8,0.38000000000000006,56.5
2000000,8,0.4000000000000001,55.3
2000000,8,0.4200000000000001,55.6
2000000,8,0.4400000000000001,55.0
2000000,8,0.46000000000000013,55.4
2000000,8,0.48000000000000015,55.8
2000000,8,0.5000000000000001,56.2
2000000,8,0.5200000000000001,75.6
2000000,8,0.5400000000000001,75.6
2000000,8,0.5600000000000002,76.1
2000000,8,0.5800000000000002,76.2
2000000,8,0.6000000000000002,76.0
2000000,8,0.6200000000000002,75.7
2000000,8,0.6400000000000002,75.6
2000000,8,0.6600000000000003,75.9
2000000,8,0.6800000000000003,75.2
2000000,8,0.7000000000000003,75.2
2000000,8,0.7200000000000003,75.8
2000000,8,0.7400000000000003,76.1
2000000,8,0.7600000000000003,75.5
2000000,8,0.7800000000000004,75.9
2000000,8,0.8000000000000004,75.2
2000000,8,0.8200000000000004,76.0
2000000,8,0.8400000000000004,75.8
2000000,8,0.8600000000000004,75.9
2000000,8,0.8800000000000004,75.9
2000000,8,0.9000000000000005,75.7
2000000,8,0.9200000000000005,75.8
2000000,8,0.9400000000000005,75.6
2000000,8,0.9600000000000005,75.5
2000000,8,0.9800000000000005,75.7
2000000,16,0.02,62.0
2000000,16,0.04,50.7
2000000,16,0.06,51.0
2000000,16,0.08,51.9
2000000,16,0.1,52.4
2000000,16,0.12000000000000001,51.5
2000000,16,0.14,51.9
2000000,16,0.16,51.9
2000000,16,0.18,51.4
2000000,16,0.19999999999999998,51.3
2000000,16,0.21999999999999997,50.7
2000000,16,0.23999999999999996,50.8
2000000,16,0.25999999999999995,54.6
2000000,16,0.27999999999999997,54.8
2000000,16,0.3,54.3
2000000,16,0.32,54.9
2000000,16,0.34,54.2
2000000,16,0.36000000000000004,54.1
2000000,16,0.38000000000000006,54.3
2000000,16,0.4000000000000001,54.0
2000000,16,0.4200000000000001,55.3
2000000,16,0.4400000000000001,55.5
2000000,16,0.46000000000000013,55.3
2000000,16,0.48000000000000015,55.5
2000000,16,0.5000000000000001,54.4
2000000,16,0.5200000000000001,75.8
2000000,16,0.5400000000000001,75.8
2000000,16,0.5600000000000002,75.7
2000000,16,0.5800000000000002,76.2
2000000,16,0.6000000000000002,75.6
2000000,16,0.6200000000000002,75.3
2000000,16,0.6400000000000002,76.3
2000000,16,0.6600000000000003,75.7
2000000,16,0.6800000000000003,75.9
2000000,16,0.7000000000000003,75.8
2000000,16,0.7200000000000003,75.8
2000000,16,0.7400000000000003,75.4
2000000,16,0.7600000000000003,75.6
2000000,16,0.7800000000000004,75.5
2000000,16,0.8000000000000004,76.0
2000000,16,0.8200000000000004,75.6
2000000,16,0.8400000000000004,75.5
2000000,16,0.8600000000000004,75.5
2000000,16,0.8800000000000004,75.7
2000000,16,0.9000000000000005,75.8
2000000,16,0.9200000000000005,76.0
2000000,16,0.9400000000000005,75.8
2000000,16,0.9600000000000005,75.9
2000000,16,0.9800000000000005,75.3
4000000,2,0.02,142.7
4000000,2,0.04,135.2
4000000,2,0.06,136.6
4000000,2,0.08,145.7
4000000,2,0.1,144.3
4000000,2,0.12000000000000001,140.7
4000000,2,0.14,155.6
4000000,2,0.16,148.4
4000000,2,0.18,153.8
4000000,2,0.19999999999999998,153.5
4000000,2,0.21999999999999997,152.1
4000000,2,0.23999999999999996,150.5
4000000,2,0.25999999999999995,163.7
4000000,2,0.27999999999999997,165.6
4000000,2,0.3,164.7
4000000,2,0.32,163.1
4000000,2,0.34,163.3
4000000,2,0.36000000000000004,160.5
4000000,2,0.38000000000000006,166.2
4000000,2,0.4000000000000001,165.3
4000000,2,0.4200000000000001,165.8
4000000,2,0.4400000000000001,165.9
4000000,2,0.46000000000000013,165.4
4000000,2,0.48000000000000015,164.8
4000000,2,0.5000000000000001,175.6
4000000,2,0.5200000000000001,156.5
4000000,2,0.5400000000000001,156.3
4000000,2,0.5600000000000002,156.3
4000000,2,0.5800000000000002,156.6
4000000,2,0.6000000000000002,156.7
4000000,2,0.6200000000000002,157.1
4000000,2,0.6400000000000002,154.9
4000000,2,0.6600000000000003,156.7
4000000,2,0.6800000000000003,169.2
4000000,2,0.7000000000000003,158.0
4000000,2,0.7200000000000003,157.4
4000000,2,0.7400000000000003,156.1
4000000,2,0.7600000000000003,155.0
4000000,2,0.7800000000000004,154.1
4000000,2,0.8000000000000004,159.4
4000000,2,0.8200000000000004,157.7
4000000,2,0.8400000000000004,155.6
4000000,2,0.8600000000000004,157.3
4000000,2,0.8800000000000004,155.2
4000000,2,0.9000000000000005,155.3
4000000,2,0.9200000000000005,166.7
4000000,2,0.9400000000000005,157.4
4000000,2,0.9600000000000005,154.7
4000000,2,0.9800000000000005,155.2
4000000,4,0.02,125.6
4000000,4,0.04,115.2
4000000,4,0.06,110.1
4000000,4,0.08,117.1
4000000,4,0.1,112.9
4000000,4,0.12000000000000001,125.5
4000000,4,0.14,117.1
4000000,4,0.16,116.6
4000000,4,0.18,116.6
4000000,4,0.19999999999999998,116.7
4000000,4,0.21999999999999997,116.6
4000000,4,0.23999999999999996,117.2
4000000,4,0.25999999999999995,110.8
4000000,4,0.27999999999999997,112.2
4000000,4,0.3,123.4
4000000,4,0.32,120.1
4000000,4,0.34,123.7
4000000,4,0.36000000000000004,112.9
4000000,4,0.38000000000000006,112.9
4000000,4,0.4000000000000001,112.2
4000000,4,0.4200000000000001,111.4
4000000,4,0.4400000000000001,112.4
4000000,4,0.46000000000000013,111.1
4000000,4,0.48000000000000015,112.2
4000000,4,0.5000000000000001,111.6
4000000,4,0.5200000000000001,154.8
4000000,4,0.5400000000000001,161.4
4000000,4,0.5600000000000002,158.0
4000000,4,0.5800000000000002,156.7
4000000,4,0.6000000000000002,158.0
4000000,4,0.6200000000000002,157.2
4000000,4,0.6400000000000002,158.1
4000000,4,0.6600000000000003,159.8
4000000,4,0.6800000000000003,155.1
4000000,4,0.7000000000000003,156.1
4000000,4,0.7200000000000003,186.3
4000000,4,0.7400000000000003,160.5
4000000,4,0.7600000000000003,159.7
4000000,4,0.7800000000000004,171.9
4000000,4,0.8000000000000004,161.2
4000000,4,0.8200000000000004,159.3
4000000,4,0.8400000000000004,164.2
4000000,4,0.8600000000000004,179.2
4000000,4,0.8800000000000004,163.8
4000000,4,0.9000000000000005,155.6
4000000,4,0.9200000000000005,154.5
4000000,4,0.9400000000000005,153.6
4000000,4,0.9600000000000005,154.6
4000000,4,0.9800000000000005,154.8
4000000,8,0.02,135.1
4000000,8,0.04,104.2
4000000,8,0.06,115.1
4000000,8,0.08,110.3
4000000,8,0.1,103.9
4000000,8,0.12000000000000001,102.3
4000000,8,0.14,100.7
4000000,8,0.16,100.4
4000000,8,0.18,100.7
4000000,8,0.19999999999999998,101.6
4000000,8,0.21999999999999997,98.8
4000000,8,0.23999999999999996,100.3
4000000,8,0.25999999999999995,111.0
4000000,8,0.27999999999999997,109.7
4000000,8,0.3,113.5
4000000,8,0.32,114.1
4000000,8,0.34,112.9
4000000,8,0.36000000000000004,113.3
4000000,8,0.38000000000000006,114.3
4000000,8,0.4000000000000001,113.8
4000000,8,0.4200000000000001,112.0
4000000,8,0.4400000000000001,112.3
4000000,8,0.46000000000000013,111.7
4000000,8,0.48000000000000015,115.8
4000000,8,0.5000000000000001,119.0
4000000,8,0.5200000000000001,163.7
4000000,8,0.5400000000000001,158.9
4000000,8,0.5600000000000002,158.8
4000000,8,0.5800000000000002,160.1
4000000,8,0.6000000000000002,158.6
4000000,8,0.6200000000000002,158.9
4000000,8,0.6400000000000002,159.5
4000000,8,0.6600000000000003,160.5
4000000,8,0.6800000000000003,161.6
4000000,8,0.7000000000000003,162.2
4000000,8,0.7200000000000003,158.4
4000000,8,0.7400000000000003,159.1
4000000,8,0.7600000000000003,157.4
4000000,8,0.7800000000000004,155.2
4000000,8,0.8000000000000004,156.7
4000000,8,0.8200000000000004,158.0
4000000,8,0.8400000000000004,157.8
4000000,8,0.8600000000000004,155.0
4000000,8,0.8800000000000004,158.6
4000000,8,0.9000000000000005,162.7
4000000,8,0.9200000000000005,155.7
4000000,8,0.9400000000000005,153.7
4000000,8,0.9600000000000005,154.6
4000000,8,0.9800000000000005,154.4
4000000,16,0.02,134.9
4000000,16,0.04,113.7
4000000,16,0.06,114.1
4000000,16,0.08,106.4
4000000,16,0.1,128.0
4000000,16,0.12000000000000001,105.5
4000000,16,0.14,106.1
4000000,16,0.16,103.3
4000000,16,0.18,102.3
4000000,16,0.19999999999999998,103.9
4000000,16,0.21999999999999997,103.5
4000000,16,0.23999999999999996,104.1
4000000,16,0.25999999999999995,114.3
4000000,16,0.27999999999999997,115.0
4000000,16,0.3,114.3
4000000,16,0.32,112.4
4000000,16,0.34,113.3
4000000,16,0.36000000000000004,113.0
4000000,16,0.38000000000000006,112.7
4000000,16,0.4000000000000001,119.2
4000000,16,0.4200000000000001,116.0
4000000,16,0.4400000000000001,114.3
4000000,16,0.46000000000000013,114.0
4000000,16,0.48000000000000015,112.9
4000000,16,0.5000000000000001,112.4
4000000,16,0.5200000000000001,156.2
4000000,16,0.5400000000000001,155.5
4000000,16,0.5600000000000002,157.5
4000000,16,0.5800000000000002,157.5
4000000,16,0.6000000000000002,159.5
4000000,16,0.6200000000000002,157.2
4000000,16,0.6400000000000002,159.2
4000000,16,0.6600000000000003,163.9
4000000,16,0.6800000000000003,165.4
4000000,16,0.7000000000000003,164.0
4000000,16,0.7200000000000003,165.4
4000000,16,0.7400000000000003,160.4
4000000,16,0.7600000000000003,156.4
4000000,16,0.7800000000000004,156.7
4000000,16,0.8000000000000004,156.4
4000000,16,0.8200000000000004,157.9
4000000,16,0.8400000000000004,156.3
4000000,16,0.8600000000000004,157.7
4000000,16,0.8800000000000004,156.1
4000000,16,0.9000000000000005,156.1
4000000,16,0.9200000000000005,157.5
4000000,16,0.9400000000000005,157.6
4000000,16,0.9600000000000005,164.9
4000000,16,0.9800000000000005,160.4
8000000,2,0.02,292.7
8000000,2,0.04,286.8
8000000,2,0.06,272.6
8000000,2,0.08,290.7
8000000,2,0.1,284.1
8000000,2,0.12000000000000001,287.9
8000000,2,0.14,336.9
8000000,2,0.16,319.2
8000000,2,0.18,322.1
8000000,2,0.19999999999999998,313.7
8000000,2,0.21999999999999997,303.3
8000000,2,0.23999999999999996,304.4
8000000,2,0.25999999999999995,336.5
8000000,2,0.27999999999999997,334.7
8000000,2,0.3,355.2
8000000,2,0.32,338.7
8000000,2,0.34,334.9
8000000,2,0.36000000000000004,347.3
8000000,2,0.38000000000000006,367.8
8000000,2,0.4000000000000001,341.6
8000000,2,0.4200000000000001,335.2
8000000,2,0.4400000000000001,341.1
8000000,2,0.46000000000000013,336.3
8000000,2,0.48000000000000015,342.7
8000000,2,0.5000000000000001,342.2
8000000,2,0.5200000000000001,325.7
8000000,2,0.5400000000000001,321.2
8000000,2,0.5600000000000002,330.4
8000000,2,0.5800000000000002,327.9
8000000,2,0.6000000000000002,319.9
8000000,2,0.6200000000000002,321.9
8000000,2,0.6400000000000002,322.2
8000000,2,0.6600000000000003,326.4
8000000,2,0.6800000000000003,326.4
8000000,2,0.7000000000000003,322.4
8000000,2,0.7200000000000003,321.7
8000000,2,0.7400000000000003,322.6
8000000,2,0.7600000000000003,323.5
8000000,2,0.7800000000000004,326.9
8000000,2,0.8000000000000004,323.6
8000000,2,0.8200000000000004,323.2
8000000,2,0.8400000000000004,323.2
8000000,2,0.8600000000000004,324.9
8000000,2,0.8800000000000004,325.8
8000000,2,0.9000000000000005,324.3
8000000,2,0.9200000000000005,326.0
8000000,2,0.9400000000000005,328.1
8000000,2,0.9600000000000005,321.8
8000000,2,0.9800000000000005,323.1
8000000,4,0.02,261.4
8000000,4,0.04,225.0
8000000,4,0.06,236.2
8000000,4,0.08,248.1
8000000,4,0.1,236.8
8000000,4,0.12000000000000001,231.0
8000000,4,0.14,247.0
8000000,4,0.16,239.6
8000000,4,0.18,237.9
8000000,4,0.19999999999999998,241.3
8000000,4,0.21999999999999997,238.3
8000000,4,0.23999999999999996,243.1
8000000,4,0.25999999999999995,231.9
8000000,4,0.27999999999999997,231.6
8000000,4,0.3,231.6
8000000,4,0.32,233.6
8000000,4,0.34,243.4
8000000,4,0.36000000000000004,234.9
8000000,4,0.38000000000000006,232.9
8000000,4,0.4000000000000001,233.6
8000000,4,0.4200000000000001,232.9
8000000,4,0.4400000000000001,233.3
8000000,4,0.46000000000000013,232.4
8000000,4,0.48000000000000015,246.0
8000000,4,0.5000000000000001,233.6
8000000,4,0.5200000000000001,327.0
8000000,4,0.5400000000000001,327.6
8000000,4,0.5600000000000002,324.9
8000000,4,0.5800000000000002,331.3
8000000,4,0.6000000000000002,333.4
8000000,4,0.6200000000000002,327.6
8000000,4,0.6400000000000002,324.7
8000000,4,0.6600000000000003,324.0
8000000,4,0.6800000000000003,321.7
8000000,4,0.7000000000000003,321.3
8000000,4,0.7200000000000003,322.3
8000000,4,0.7400000000000003,323.9
8000000,4,0.7600000000000003,323.6
8000000,4,0.7800000000000004,325.9
8000000,4,0.8000000000000004,325.5
8000000,4,0.8200000000000004,324.6
8000000,4,0.8400000000000004,324.7
8000000,4,0.8600000000000004,323.2
8000000,4,0.8800000000000004,324.8
8000000,4,0.9000000000000005,326.2
8000000,4,0.9200000000000005,325.2
8000000,4,0.9400000000000005,325.2
8000000,4,0.9600000000000005,325.4
8000000,4,0.9800000000000005,324.6
8000000,8,0.02,265.2
8000000,8,0.04,209.8
8000000,8,0.06,213.4
8000000,8,0.08,210.7
8000000,8,0.1,210.8
8000000,8,0.12000000000000001,211.4
8000000,8,0.14,205.9
8000000,8,0.16,203.3
8000000,8,0.18,204.4
8000000,8,0.19999999999999998,201.0
8000000,8,0.21999999999999997,206.4
8000000,8,0.23999999999999996,203.1
8000000,8,0.25999999999999995,230.3
8000000,8,0.27999999999999997,238.3
8000000,8,0.3,245.1
8000000,8,0.32,244.8
8000000,8,0.34,232.4
8000000,8,0.36000000000000004,232.7
8000000,8,0.38000000000000006,229.9
8000000,8,0.4000000000000001,229.5
8000000,8,0.4200000000000001,228.1
8000000,8,0.4400000000000001,229.5
8000000,8,0.46000000000000013,228.9
8000000,8,0.48000000000000015,228.6
8000000,8,0.5000000000000001,229.0
8000000,8,0.5200000000000001,322.7
8000000,8,0.5400000000000001,324.5
8000000,8,0.5600000000000002,327.0
8000000,8,0.5800000000000002,325.3
8000000,8,0.6000000000000002,321.8
8000000,8,0.6200000000000002,324.9
8000000,8,0.6400000000000002,322.0
8000000,8,0.6600000000000003,323.6
8000000,8,0.6800000000000003,319.3
8000000,8,0.7000000000000003,316.6
8000000,8,0.7200000000000003,317.6
8000000,8,0.7400000000000003,318.2
8000000,8,0.7600000000000003,318.9
8000000,8,0.7800000000000004,317.8
8000000,8,0.8000000000000004,317.9
8000000,8,0.8200000000000004,318.0
8000000,8,0.8400000000000004,319.1
8000000,8,0.8600000000000004,318.2
8000000,8,0.8800000000000004,318.2
8000000,8,0.9000000000000005,318.6
8000000,8,0.9200000000000005,319.0
8000000,8,0.9400000000000005,318.4
8000000,8,0.9600000000000005,317.2
8000000,8,0.9800000000000005,318.7
8000000,16,0.02,249.5
8000000,16,0.04,207.2
8000000,16,0.06,206.1
8000000,16,0.08,205.5
8000000,16,0.1,203.9
8000000,16,0.12000000000000001,203.6
8000000,16,0.14,200.4
8000000,16,0.16,200.2
8000000,16,0.18,199.4
8000000,16,0.19999999999999998,198.9
8000000,16,0.21999999999999997,202.2
8000000,16,0.23999999999999996,206.4
8000000,16,0.25999999999999995,226.1
8000000,16,0.27999999999999997,230.0
8000000,16,0.3,231.8
8000000,16,0.32,231.4
8000000,16,0.34,233.3
8000000,16,0.36000000000000004,233.5
8000000,16,0.38000000000000006,231.0
8000000,16,0.4000000000000001,231.1
8000000,16,0.4200000000000001,230.3
8000000,16,0.4400000000000001,230.6
8000000,16,0.46000000000000013,230.3
8000000,16,0.48000000000000015,230.9
8000000,16,0.5000000000000001,231.7
8000000,16,0.5200000000000001,322.5
8000000,16,0.5400000000000001,324.8
8000000,16,0.5600000000000002,321.7
8000000,16,0.5800000000000002,325.0
8000000,16,0.6000000000000002,322.3
8000000,16,0.6200000000000002,322.7
8000000,16,0.6400000000000002,322.9
8000000,16,0.6600000000000003,322.8
8000000,16,0.6800000000000003,321.7
8000000,16,0.7000000000000003,321.9
8000000,16,0.7200000000000003,322.3
8000000,16,0.7400000000000003,324.7
8000000,16,0.7600000000000003,322.3
8000000,16,0.7800000000000004,321.5
8000000,16,0.8000000000000004,322.6
8000000,16,0.8200000000000004,339.6
8000000,16,0.8400000000000004,322.1
8000000,16,0.8600000000000004,322.2
8000000,16,0.8800000000000004,322.3
8000000,16,0.9000000000000005,324.2
8000000,16,0.9200000000000005,323.9
8000000,16,0.9400000000000005,322.0
8000000,16,0.9600000000000005,324.3
8000000,16,0.9800000000000005,324.1
16000000,2,0.02,609.3
16000000,2,0.04,564.0
16000000,2,0.06,559.1
16000000,2,0.08,609.6
16000000,2,0.1,611.2
16000000,2,0.12000000000000001,616.3
16000000,2,0.14,657.7
16000000,2,0.16,661.5
16000000,2,0.18,690.6
16000000,2,0.19999999999999998,667.4
16000000,2,0.21999999999999997,655.9
16000000,2,0.23999999999999996,671.4
16000000,2,0.25999999999999995,705.3
16000000,2,0.27999999999999997,716.9
16000000,2,0.3,701.1
16000000,2,0.32,709.2
16000000,2,0.34,710.9
16000000,2,0.36000000000000004,706.6
16000000,2,0.38000000000000006,708.9
16000000,2,0.4000000000000001,707.2
16000000,2,0.4200000000000001,712.7
16000000,2,0.4400000000000001,721.3
16000000,2,0.46000000000000013,702.7
16000000,2,0.48000000000000015,718.1
16000000,2,0.5000000000000001,708.7
16000000,2,0.5200000000000001,681.0
16000000,2,0.5400000000000001,679.2
16000000,2,0.5600000000000002,681.0
16000000,2,0.5800000000000002,694.0
16000000,2,0.6000000000000002,683.5
16000000,2,0.6200000000000002,688.8
16000000,2,0.6400000000000002,680.6
16000000,2,0.6600000000000003,681.5
16000000,2,0.6800000000000003,701.3
16000000,2,0.7000000000000003,696.0
16000000,2,0.7200000000000003,680.2
16000000,2,0.7400000000000003,669.7
16000000,2,0.7600000000000003,669.0
16000000,2,0.7800000000000004,679.2
16000000,2,0.8000000000000004,666.5
16000000,2,0.8200000000000004,671.3
16000000,2,0.8400000000000004,678.8
16000000,2,0.8600000000000004,687.7
16000000,2,0.8800000000000004,685.8
16000000,2,0.9000000000000005,696.1
16000000,2,0.9200000000000005,708.8
16000000,2,0.9400000000000005,697.0
16000000,2,0.9600000000000005,690.3
16000000,2,0.9800000000000005,687.7
16000000,4,0.02,533.3
16000000,4,0.04,470.9
16000000,4,0.06,458.0
16000000,4,0.08,480.2
16000000,4,0.1,484.7
16000000,4,0.12000000000000001,472.5
16000000,4,0.14,495.3
16000000,4,0.16,494.6
16000000,4,0.18,486.2
16000000,4,0.19999999999999998,490.5
16000000,4,0.21999999999999997,488.4
16000000,4,0.23999999999999996,488.0
16000000,4,0.25999999999999995,468.3
16000000,4,0.27999999999999997,468.1
16000000,4,0.3,470.5
16000000,4,0.32,469.7
16000000,4,0.34,479.8
16000000,4,0.36000000000000004,473.2
16000000,4,0.38000000000000006,466.5
16000000,4,0.4000000000000001,467.4
16000000,4,0.4200000000000001,469.8
16000000,4,0.4400000000000001,464.5
16000000,4,0.46000000000000013,465.3
16000000,4,0.48000000000000015,472.6
16000000,4,0.5000000000000001,476.0
16000000,4,0.5200000000000001,671.2
16000000,4,0.5400000000000001,669.2
16000000,4,0.5600000000000002,667.1
16000000,4,0.5800000000000002,672.0
16000000,4,0.6000000000000002,666.0
16000000,4,0.6200000000000002,665.3
16000000,4,0.6400000000000002,666.4
16000000,4,0.6600000000000003,666.5
16000000,4,0.6800000000000003,664.4
16000000,4,0.7000000000000003,662.9
16000000,4,0.7200000000000003,659.6
16000000,4,0.7400000000000003,663.9
16000000,4,0.7600000000000003,663.5
16000000,4,0.7800000000000004,667.8
16000000,4,0.8000000000000004,665.5
16000000,4,0.8200000000000004,691.5
16000000,4,0.8400000000000004,668.0
16000000,4,0.8600000000000004,668.8
16000000,4,0.8800000000000004,664.7
16000000,4,0.9000000000000005,666.5
16000000,4,0.9200000000000005,665.1
16000000,4,0.9400000000000005,668.7
16000000,4,0.9600000000000005,659.6
16000000,4,0.9800000000000005,667.5
16000000,8,0.02,548.2
16000000,8,0.04,427.4
16000000,8,0.06,444.3
16000000,8,0.08,434.1
16000000,8,0.1,435.3
16000000,8,0.12000000000000001,433.6
16000000,8,0.14,423.6
16000000,8,0.16,423.2
16000000,8,0.18,427.6
16000000,8,0.19999999999999998,426.5
16000000,8,0.21999999999999997,426.1
16000000,8,0.23999999999999996,423.8
16000000,8,0.25999999999999995,485.6
16000000,8,0.27999999999999997,483.2
16000000,8,0.3,481.7
16000000,8,0.32,484.2
16000000,8,0.34,483.3
16000000,8,0.36000000000000004,482.2
16000000,8,0.38000000000000006,485.6
16000000,8,0.4000000000000001,481.2
16000000,8,0.4200000000000001,481.3
16000000,8,0.4400000000000001,481.3
16000000,8,0.46000000000000013,481.1
16000000,8,0.48000000000000015,481.2
16000000,8,0.5000000000000001,481.2
16000000,8,0.5200000000000001,678.1
16000000,8,0.5400000000000001,684.2
16000000,8,0.5600000000000002,681.5
16000000,8,0.5800000000000002,682.3
16000000,8,0.6000000000000002,681.8
16000000,8,0.6200000000000002,680.9
16000000,8,0.6400000000000002,683.9
16000000,8,0.6600000000000003,687.1
16000000,8,0.6800000000000003,684.3
16000000,8,0.7000000000000003,689.7
16000000,8,0.7200000000000003,686.1
16000000,8,0.7400000000000003,686.7
16000000,8,0.7600000000000003,683.1
16000000,8,0.7800000000000004,687.3
16000000,8,0.8000000000000004,685.2
16000000,8,0.8200000000000004,685.4
16000000,8,0.8400000000000004,684.7
16000000,8,0.8600000000000004,681.7
16000000,8,0.8800000000000004,685.1
16000000,8,0.9000000000000005,683.2
16000000,8,0.9200000000000005,684.8
16000000,8,0.9400000000000005,685.1
16000000,8,0.9600000000000005,684.2
16000000,8,0.9800000000000005,680.3
16000000,16,0.02,502.3
16000000,16,0.04,432.5
16000000,16,0.06,423.2
16000000,16,0.08,413.8
16000000,16,0.1,412.8
16000000,16,0.12000000000000001,413.2
16000000,16,0.14,406.1
16000000,16,0.16,409.3
16000000,16,0.18,405.5
16000000,16,0.19999999999999998,411.9
16000000,16,0.21999999999999997,411.5
16000000,16,0.23999999999999996,405.1
16000000,16,0.25999999999999995,463.3
16000000,16,0.27999999999999997,480.7
16000000,16,0.3,479.3
16000000,16,0.32,469.4
16000000,16,0.34,468.2
16000000,16,0.36000000000000004,467.7
16000000,16,0.38000000000000006,470.7
16000000,16,0.4000000000000001,471.7
16000000,16,0.4200000000000001,472.1
16000000,16,0.4400000000000001,470.4
16000000,16,0.46000000000000013,467.2
16000000,16,0.48000000000000015,478.9
16000000,16,0.5000000000000001,470.5
16000000,16,0.5200000000000001,670.6
16000000,16,0.5400000000000001,673.5
16000000,16,0.5600000000000002,665.7
16000000,16,0.5800000000000002,662.9
16000000,16,0.6000000000000002,664.1
16000000,16,0.6200000000000002,663.4
16000000,16,0.6400000000000002,660.6
16000000,16,0.6600000000000003,669.6
16000000,16,0.6800000000000003,673.0
16000000,16,0.7000000000000003,710.6
16000000,16,0.7200000000000003,674.5
16000000,16,0.7400000000000003,666.2
16000000,16,0.7600000000000003,677.2
16000000,16,0.7800000000000004,673.9
16000000,16,0.8000000000000004,669.5
16000000,16,0.8200000000000004,666.6
16000000,16,0.8400000000000004,664.9
16000000,16,0.8600000000000004,665.6
16000000,16,0.8800000000000004,663.7
16000000,16,0.9000000000000005,661.6
16000000,16,0.9200000000000005,663.1
16000000,16,0.9400000000000005,663.9
16000000,16,0.9600000000000005,664.0
16000000,16,0.9800000000000005,664.3
